product,units_produced,machine_hours,num_setups,num_inspections,direct_materials_cost,direct_labor_cost,traditional_oh_allocated,abc_setup_cost,abc_inspection_cost,abc_machine_cost,abc_oh_allocated,traditional_cost_per_unit,abc_cost_per_unit,cost_per_unit_difference
Standard-A,18000,3600,12,40,90000,72000,141732.28346456692,9197.080291970802,9677.41935483871,56692.913385826774,75567.41303263628,16.874015748031496,13.198189612924237,-3.6758261351072594
Standard-B,15000,3000,10,35,82500,60000,118110.23622047245,7664.233576642336,8467.741935483871,47244.09448818898,63376.07000031519,17.374015748031496,13.725071333354347,-3.6489444146771497
Custom-C,1200,480,45,90,18000,14400,18897.63779527559,34489.05109489051,21774.1935483871,7559.055118110236,63822.29976138784,42.748031496062985,80.18524980115653,37.437218305093545
Custom-D,900,360,40,85,14400,10800,14173.228346456694,30656.934306569343,20564.516129032258,5669.291338582678,56890.74177418427,43.74803149606299,91.2119353046492,47.46390380858621
Specialty-E,300,180,30,60,6600,4500,7086.614173228347,22992.700729927008,14516.129032258064,2834.645669291339,40343.475431476414,60.62204724409449,171.47825143825472,110.85620419416023
